OBJECTID,FID_pak1k_gpo2_urban,ID,Pop,FID_pak_admbnda_adm1_wfp_20220909,Shape_Leng,ADM1_EN,ADM1_PCODE,ADM1_REF,ADM1ALT1EN,ADM1ALT2EN,ADM0_EN,ADM0_PCODE,date,validOn,validTo,Shape_Length,Shape_Area
1,1,3973,12211.08398,2,16.02175558,Gilgit Baltistan,PK3, , , ,Pakistan,PK,2022-09-02 0:00:00,2022-09-09 0:00:00,,0.266666,0.001666675
2,2,3974,14913.76563,2,16.02175558,Gilgit Baltistan,PK3, , , ,Pakistan,PK,2022-09-02 0:00:00,2022-09-09 0:00:00,,0.333336,0.002291667
3,3,3975,22004.8125,4,27.33281833,Khyber Pakhtunkhwa,PK5, , , ,Pakistan,PK,2022-09-02 0:00:00,2022-09-09 0:00:00,,0.283334,0.002569439
4,4,3976,15526.08691,4,27.33281833,Khyber Pakhtunkhwa,PK5, , , ,Pakistan,PK,2022-09-02 0:00:00,2022-09-09 0:00:00,,0.283332,0.002083308
5,5,3977,7357.668945,4,27.33281833,Khyber Pakhtunkhwa,PK5, , , ,Pakistan,PK,2022-09-02 0:00:00,2022-09-09 0:00:00,,0.183332,0.001111089
6,6,3978,6337.259766,4,27.33281833,Khyber Pakhtunkhwa,PK5, , , ,Pakistan,PK,2022-09-02 0:00:00,2022-09-09 0:00:00,,0.166666,0.001180536
7,7,3979,16754.43359,2,16.02175558,Gilgit Baltistan,PK3, , , ,Pakistan,PK,2022-09-02 0:00:00,2022-09-09 0:00:00,,0.233334,0.002083342
8,8,3990,11423.85547,4,27.33281833,Khyber Pakhtunkhwa,PK5, , , ,Pakistan,PK,2022-09-02 0:00:00,2022-09-09 0:00:00,,0.250002,0.002083325
9,9,3995,5420.111328,4,27.33281833,Khyber Pakhtunkhwa,PK5, , , ,Pakistan,PK,2022-09-02 0:00:00,2022-09-09 0:00:00,,0.2,0.001180536
10,10,4031,10499.30469,4,27.33281833,Khyber Pakhtunkhwa,PK5, , , ,Pakistan,PK,2022-09-02 0:00:00,2022-09-09 0:00:00,,0.2,0.001736114
11,11,4039,5763.512695,4,27.33281833,Khyber Pakhtunkhwa,PK5, , , ,Pakistan,PK,2022-09-02 0:00:00,2022-09-09 0:00:00,,0.183334,0.001180586
12,12,4050,46427.92969,4,27.33281833,Khyber Pakhtunkhwa,PK5, , , ,Pakistan,PK,2022-09-02 0:00:00,2022-09-09 0:00:00,,0.949996,0.009097219
13,13,4051,5065.909668,4,27.33281833,Khyber Pakhtunkhwa,PK5, , , ,Pakistan,PK,2022-09-02 0:00:00,2022-09-09 0:00:00,,0.166664,0.000902772
14,14,4064,5029.055664,4,27.33281833,Khyber Pakhtunkhwa,PK5, , , ,Pakistan,PK,2022-09-02 0:00:00,2022-09-09 0:00:00,,0.199998,0.000972203
15,15,4084,6174.644531,4,27.33281833,Khyber Pakhtunkhwa,PK5, , , ,Pakistan,PK,2022-09-02 0:00:00,2022-09-09 0:00:00,,0.183332,0.001041667
16,16,4090,161240.1323,4,27.33281833,Khyber Pakhtunkhwa,PK5, , , ,Pakistan,PK,2022-09-02 0:00:00,2022-09-09 0:00:00,,0.775462972,0.013356542
17,17,4126,5382.073229,4,27.33281833,Khyber Pakhtunkhwa,PK5, , , ,Pakistan,PK,2022-09-02 0:00:00,2022-09-09 0:00:00,,0.147369432,0.000864858
18,17,4126,1964.745619,5,28.04656823,Punjab,PK6, , , ,Pakistan,PK,2022-09-02 0:00:00,2022-09-09 0:00:00,,0.149320848,0.00031572
19,18,4141,169887.4219,4,27.33281833,Khyber Pakhtunkhwa,PK5, , , ,Pakistan,PK,2022-09-02 0:00:00,2022-09-09 0:00:00,,1.149994,0.019930611
20,19,4152,29468.47656,5,28.04656823,Punjab,PK6, , , ,Pakistan,PK,2022-09-02 0:00:00,2022-09-09 0:00:00,,0.516668,0.005347203
21,20,4153,64064.97567,4,27.33281833,Khyber Pakhtunkhwa,PK5, , , ,Pakistan,PK,2022-09-02 0:00:00,2022-09-09 0:00:00,,0.919650503,0.009371501
22,20,4153,498.5008962,5,28.04656823,Punjab,PK6, , , ,Pakistan,PK,2022-09-02 0:00:00,2022-09-09 0:00:00,,0.063914195,7.29213E-05
23,21,4159,189.6551397,3,1.745309578,Islamabad,PK4, , , ,Pakistan,PK,2022-09-02 0:00:00,2022-09-09 0:00:00,,0.038611638,3.50115E-05
24,21,4159,8086.192517,5,28.04656823,Punjab,PK6, , , ,Pakistan,PK,2022-09-02 0:00:00,2022-09-09 0:00:00,,0.244693526,0.001492761
25,22,4160,9637.847656,5,28.04656823,Punjab,PK6, , , ,Pakistan,PK,2022-09-02 0:00:00,2022-09-09 0:00:00,,0.183332,0.001527756
26,23,4163,9922.613281,4,27.33281833,Khyber Pakhtunkhwa,PK5, , , ,Pakistan,PK,2022-09-02 0:00:00,2022-09-09 0:00:00,,0.25,0.001736122
27,24,4171,90387.05469,4,27.33281833,Khyber Pakhtunkhwa,PK5, , , ,Pakistan,PK,2022-09-02 0:00:00,2022-09-09 0:00:00,,1.149996,0.017430528
28,25,4178,6416.241699,4,27.33281833,Khyber Pakhtunkhwa,PK5, , , ,Pakistan,PK,2022-09-02 0:00:00,2022-09-09 0:00:00,,0.216668,0.001250008
29,26,4179,5417.826172,0,9.397279039,Azad Kashmir,PK1, , , ,Pakistan,PK,2022-09-02 0:00:00,2022-09-09 0:00:00,,0.166666,0.001041675
30,27,4180,9325.040039,5,28.04656823,Punjab,PK6, , , ,Pakistan,PK,2022-09-02 0:00:00,2022-09-09 0:00:00,,0.283334,0.001736089
31,28,4182,13971.52441,0,9.397279039,Azad Kashmir,PK1, , , ,Pakistan,PK,2022-09-02 0:00:00,2022-09-09 0:00:00,,0.283338,0.001944431
32,29,4183,24021.64844,5,28.04656823,Punjab,PK6, , , ,Pakistan,PK,2022-09-02 0:00:00,2022-09-09 0:00:00,,0.383338,0.003402789
33,30,4187,8075.965332,5,28.04656823,Punjab,PK6, , , ,Pakistan,PK,2022-09-02 0:00:00,2022-09-09 0:00:00,,0.199998,0.001180553
34,31,4194,7696.149414,4,27.33281833,Khyber Pakhtunkhwa,PK5, , , ,Pakistan,PK,2022-09-02 0:00:00,2022-09-09 0:00:00,,0.266664,0.001597219
35,32,4197,53746.6875,5,28.04656823,Punjab,PK6, , , ,Pakistan,PK,2022-09-02 0:00:00,2022-09-09 0:00:00,,0.549998,0.006388903
36,33,4208,24071.34375,4,27.33281833,Khyber Pakhtunkhwa,PK5, , , ,Pakistan,PK,2022-09-02 0:00:00,2022-09-09 0:00:00,,0.433334,0.003819447
37,34,4211,14651.57031,4,27.33281833,Khyber Pakhtunkhwa,PK5, , , ,Pakistan,PK,2022-09-02 0:00:00,2022-09-09 0:00:00,,0.3,0.002222219
38,35,4213,21727.81445,0,9.397279039,Azad Kashmir,PK1, , , ,Pakistan,PK,2022-09-02 0:00:00,2022-09-09 0:00:00,,0.416666,0.003819422
39,36,4214,30418.19922,0,9.397279039,Azad Kashmir,PK1, , , ,Pakistan,PK,2022-09-02 0:00:00,2022-09-09 0:00:00,,0.416668,0.003611131
40,37,4218,28624.18164,0,9.397279039,Azad Kashmir,PK1, , , ,Pakistan,PK,2022-09-02 0:00:00,2022-09-09 0:00:00,,0.733336,0.005416658
41,38,4220,5183.927246,0,9.397279039,Azad Kashmir,PK1, , , ,Pakistan,PK,2022-09-02 0:00:00,2022-09-09 0:00:00,,0.133334,0.000625017
42,39,4221,30481.63477,5,28.04656823,Punjab,PK6, , , ,Pakistan,PK,2022-09-02 0:00:00,2022-09-09 0:00:00,,0.316666,0.002916675
43,40,4222,6255.806152,0,9.397279039,Azad Kashmir,PK1, , , ,Pakistan,PK,2022-09-02 0:00:00,2022-09-09 0:00:00,,0.2,0.001111097
44,41,4223,17487.00586,0,9.397279039,Azad Kashmir,PK1, , , ,Pakistan,PK,2022-09-02 0:00:00,2022-09-09 0:00:00,,0.266666,0.002083333
45,42,4224,6975.305664,4,27.33281833,Khyber Pakhtunkhwa,PK5, , , ,Pakistan,PK,2022-09-02 0:00:00,2022-09-09 0:00:00,,0.266666,0.001319439
46,43,4226,33310.39453,5,28.04656823,Punjab,PK6, , , ,Pakistan,PK,2022-09-02 0:00:00,2022-09-09 0:00:00,,0.383334,0.003680569
47,44,4232,8283.421875,0,9.397279039,Azad Kashmir,PK1, , , ,Pakistan,PK,2022-09-02 0:00:00,2022-09-09 0:00:00,,0.183334,0.001180586
48,45,4244,8708.960938,5,28.04656823,Punjab,PK6, , , ,Pakistan,PK,2022-09-02 0:00:00,2022-09-09 0:00:00,,0.200002,0.001319431
49,46,4247,14542.44043,5,28.04656823,Punjab,PK6, , , ,Pakistan,PK,2022-09-02 0:00:00,2022-09-09 0:00:00,,0.383332,0.002638878
50,47,4251,30610.20312,5,28.04656823,Punjab,PK6, , , ,Pakistan,PK,2022-09-02 0:00:00,2022-09-09 0:00:00,,0.366664,0.003749983
51,48,4252,47057.17578,0,9.397279039,Azad Kashmir,PK1, , , ,Pakistan,PK,2022-09-02 0:00:00,2022-09-09 0:00:00,,0.599998,0.006875025
52,49,4253,7309.837891,5,28.04656823,Punjab,PK6, , , ,Pakistan,PK,2022-09-02 0:00:00,2022-09-09 0:00:00,,0.199998,0.001388886
53,50,4262,5278.717773,5,28.04656823,Punjab,PK6, , , ,Pakistan,PK,2022-09-02 0:00:00,2022-09-09 0:00:00,,0.166666,0.000972211
54,51,4263,10743.85254,5,28.04656823,Punjab,PK6, , , ,Pakistan,PK,2022-09-02 0:00:00,2022-09-09 0:00:00,,0.216666,0.001458342
55,52,4266,25936.68555,4,27.33281833,Khyber Pakhtunkhwa,PK5, , , ,Pakistan,PK,2022-09-02 0:00:00,2022-09-09 0:00:00,,0.4,0.004236139
56,53,4267,3000052.888,0,9.397279039,Azad Kashmir,PK1, , , ,Pakistan,PK,2022-09-02 0:00:00,2022-09-09 0:00:00,,10.50254142,0.223221097
57,53,4267,983057.7406,3,1.745309578,Islamabad,PK4, , , ,Pakistan,PK,2022-09-02 0:00:00,2022-09-09 0:00:00,,2.397108264,0.073145119
58,53,4267,24399799.34,4,27.33281833,Khyber Pakhtunkhwa,PK5, , , ,Pakistan,PK,2022-09-02 0:00:00,2022-09-09 0:00:00,,49.63487242,1.815484649
59,53,4267,5466989.381,5,28.04656823,Punjab,PK6, , , ,Pakistan,PK,2022-09-02 0:00:00,2022-09-09 0:00:00,,18.7307253,0.406775284
60,54,4270,92858.17969,4,27.33281833,Khyber Pakhtunkhwa,PK5, , , ,Pakistan,PK,2022-09-02 0:00:00,2022-09-09 0:00:00,,0.733336,0.011458333
61,55,4277,5149.041016,5,28.04656823,Punjab,PK6, , , ,Pakistan,PK,2022-09-02 0:00:00,2022-09-09 0:00:00,,0.166666,0.000902781
62,56,4280,23062.09375,5,28.04656823,Punjab,PK6, , , ,Pakistan,PK,2022-09-02 0:00:00,2022-09-09 0:00:00,,0.55,0.003750008
63,57,4286,137225.0625,5,28.04656823,Punjab,PK6, , , ,Pakistan,PK,2022-09-02 0:00:00,2022-09-09 0:00:00,,0.88333,0.011666608
64,58,4287,25926.63867,5,28.04656823,Punjab,PK6, , , ,Pakistan,PK,2022-09-02 0:00:00,2022-09-09 0:00:00,,0.35,0.003611106
65,59,4289,360698.4375,5,28.04656823,Punjab,PK6, , , ,Pakistan,PK,2022-09-02 0:00:00,2022-09-09 0:00:00,,2.51666,0.032986089
66,60,4295,5415.729492,5,28.04656823,Punjab,PK6, , , ,Pakistan,PK,2022-09-02 0:00:00,2022-09-09 0:00:00,,0.166668,0.000972219
67,61,4296,7521.341797,5,28.04656823,Punjab,PK6, , , ,Pakistan,PK,2022-09-02 0:00:00,2022-09-09 0:00:00,,0.216668,0.00145835
68,62,4301,8140.473633,5,28.04656823,Punjab,PK6, , , ,Pakistan,PK,2022-09-02 0:00:00,2022-09-09 0:00:00,,0.166664,0.001111089
69,63,4312,56631.64063,5,28.04656823,Punjab,PK6, , , ,Pakistan,PK,2022-09-02 0:00:00,2022-09-09 0:00:00,,0.433332,0.005486122
70,64,4324,264002.8437,5,28.04656823,Punjab,PK6, , , ,Pakistan,PK,2022-09-02 0:00:00,2022-09-09 0:00:00,,2.316666,0.027777806
71,65,4325,1717396.772,4,27.33281833,Khyber Pakhtunkhwa,PK5, , , ,Pakistan,PK,2022-09-02 0:00:00,2022-09-09 0:00:00,,7.515561178,0.157764625
72,65,4325,143.4783582,5,28.04656823,Punjab,PK6, , , ,Pakistan,PK,2022-09-02 0:00:00,2022-09-09 0:00:00,,0.021041868,1.31803E-05
73,66,4327,5775.104492,4,27.33281833,Khyber Pakhtunkhwa,PK5, , , ,Pakistan,PK,2022-09-02 0:00:00,2022-09-09 0:00:00,,0.183336,0.001111097
74,67,4330,6018.735352,5,28.04656823,Punjab,PK6, , , ,Pakistan,PK,2022-09-02 0:00:00,2022-09-09 0:00:00,,0.183332,0.001041683
75,68,4335,24057.67969,4,27.33281833,Khyber Pakhtunkhwa,PK5, , , ,Pakistan,PK,2022-09-02 0:00:00,2022-09-09 0:00:00,,0.316666,0.003819447
76,69,4336,8264.420898,5,28.04656823,Punjab,PK6, , , ,Pakistan,PK,2022-09-02 0:00:00,2022-09-09 0:00:00,,0.199998,0.001180544
77,70,4346,259644.9063,5,28.04656823,Punjab,PK6, , , ,Pakistan,PK,2022-09-02 0:00:00,2022-09-09 0:00:00,,1.433336,0.020694489
78,71,4372,14764.69141,5,28.04656823,Punjab,PK6, , , ,Pakistan,PK,2022-09-02 0:00:00,2022-09-09 0:00:00,,0.316666,0.002222203
79,72,4377,26857.11523,5,28.04656823,Punjab,PK6, , , ,Pakistan,PK,2022-09-02 0:00:00,2022-09-09 0:00:00,,0.516666,0.003749983
80,73,4383,8054.040457,4,27.33281833,Khyber Pakhtunkhwa,PK5, , , ,Pakistan,PK,2022-09-02 0:00:00,2022-09-09 0:00:00,,0.231534706,0.001429937
81,73,4383,4853.689035,5,28.04656823,Punjab,PK6, , , ,Pakistan,PK,2022-09-02 0:00:00,2022-09-09 0:00:00,,0.137458772,0.000861738
82,74,4394,13285.83789,5,28.04656823,Punjab,PK6, , , ,Pakistan,PK,2022-09-02 0:00:00,2022-09-09 0:00:00,,0.41667,0.002152806
83,75,4429,21022.31836,5,28.04656823,Punjab,PK6, , , ,Pakistan,PK,2022-09-02 0:00:00,2022-09-09 0:00:00,,0.516668,0.003680553
84,76,4432,27536.5332,4,27.33281833,Khyber Pakhtunkhwa,PK5, , , ,Pakistan,PK,2022-09-02 0:00:00,2022-09-09 0:00:00,,0.383334,0.003819481
85,77,4443,40254.70313,4,27.33281833,Khyber Pakhtunkhwa,PK5, , , ,Pakistan,PK,2022-09-02 0:00:00,2022-09-09 0:00:00,,0.466666,0.004513861
86,78,4454,216512.5,5,28.04656823,Punjab,PK6, , , ,Pakistan,PK,2022-09-02 0:00:00,2022-09-09 0:00:00,,1.633338,0.024444472
87,79,4457,19280.79883,4,27.33281833,Khyber Pakhtunkhwa,PK5, , , ,Pakistan,PK,2022-09-02 0:00:00,2022-09-09 0:00:00,,0.3,0.002916683
88,80,4459,9509.283203,5,28.04656823,Punjab,PK6, , , ,Pakistan,PK,2022-09-02 0:00:00,2022-09-09 0:00:00,,0.166668,0.001180569
89,81,4484,87137.61719,4,27.33281833,Khyber Pakhtunkhwa,PK5, , , ,Pakistan,PK,2022-09-02 0:00:00,2022-09-09 0:00:00,,0.866666,0.012847253
90,82,4491,6509.407715,5,28.04656823,Punjab,PK6, , , ,Pakistan,PK,2022-09-02 0:00:00,2022-09-09 0:00:00,,0.233332,0.001319464
91,83,4497,5851.533203,4,27.33281833,Khyber Pakhtunkhwa,PK5, , , ,Pakistan,PK,2022-09-02 0:00:00,2022-09-09 0:00:00,,0.183334,0.001111114
92,84,4505,16718.21094,5,28.04656823,Punjab,PK6, , , ,Pakistan,PK,2022-09-02 0:00:00,2022-09-09 0:00:00,,0.433332,0.003055569
93,85,4525,6671.302734,5,28.04656823,Punjab,PK6, , , ,Pakistan,PK,2022-09-02 0:00:00,2022-09-09 0:00:00,,0.25,0.001319456
94,86,4528,71395.0625,5,28.04656823,Punjab,PK6, , , ,Pakistan,PK,2022-09-02 0:00:00,2022-09-09 0:00:00,,0.733328,0.007013853
95,87,4530,8823.414062,5,28.04656823,Punjab,PK6, , , ,Pakistan,PK,2022-09-02 0:00:00,2022-09-09 0:00:00,,0.200002,0.001111139
96,88,4576,16832.2168,5,28.04656823,Punjab,PK6, , , ,Pakistan,PK,2022-09-02 0:00:00,2022-09-09 0:00:00,,0.183334,0.001458325
97,89,4606,9810.014648,5,28.04656823,Punjab,PK6, , , ,Pakistan,PK,2022-09-02 0:00:00,2022-09-09 0:00:00,,0.2,0.001736106
98,90,4657,520775.7635,4,27.33281833,Khyber Pakhtunkhwa,PK5, , , ,Pakistan,PK,2022-09-02 0:00:00,2022-09-09 0:00:00,,2.89087387,0.047413012
99,90,4657,19261.36148,5,28.04656823,Punjab,PK6, , , ,Pakistan,PK,2022-09-02 0:00:00,2022-09-09 0:00:00,,0.35156801,0.001753613
100,91,4691,21839.17383,4,27.33281833,Khyber Pakhtunkhwa,PK5, , , ,Pakistan,PK,2022-09-02 0:00:00,2022-09-09 0:00:00,,0.483334,0.003611122
101,92,4710,6172.34668,4,27.33281833,Khyber Pakhtunkhwa,PK5, , , ,Pakistan,PK,2022-09-02 0:00:00,2022-09-09 0:00:00,,0.216668,0.001041683
102,93,4732,13235.62988,5,28.04656823,Punjab,PK6, , , ,Pakistan,PK,2022-09-02 0:00:00,2022-09-09 0:00:00,,0.200002,0.001319456
103,94,4737,18800.73825,4,27.33281833,Khyber Pakhtunkhwa,PK5, , , ,Pakistan,PK,2022-09-02 0:00:00,2022-09-09 0:00:00,,0.315333101,0.002607146
104,94,4737,1230.484402,5,28.04656823,Punjab,PK6, , , ,Pakistan,PK,2022-09-02 0:00:00,2022-09-09 0:00:00,,0.063947235,0.000170634
105,95,4762,7090.415039,5,28.04656823,Punjab,PK6, , , ,Pakistan,PK,2022-09-02 0:00:00,2022-09-09 0:00:00,,0.200002,0.001388886
106,96,4807,13447.57617,5,28.04656823,Punjab,PK6, , , ,Pakistan,PK,2022-09-02 0:00:00,2022-09-09 0:00:00,,0.216668,0.001666658
107,97,4808,6502.291992,5,28.04656823,Punjab,PK6, , , ,Pakistan,PK,2022-09-02 0:00:00,2022-09-09 0:00:00,,0.283334,0.001388869
108,98,4854,29724.11914,5,28.04656823,Punjab,PK6, , , ,Pakistan,PK,2022-09-02 0:00:00,2022-09-09 0:00:00,,0.416666,0.004027772
109,99,4866,30795.4754,1,42.06246202,Balochistan,PK2, , , ,Pakistan,PK,2022-09-02 0:00:00,2022-09-09 0:00:00,,0.329964469,0.003582878
110,100,4881,4570.012721,5,28.04656823,Punjab,PK6, , , ,Pakistan,PK,2022-09-02 0:00:00,2022-09-09 0:00:00,,0.207975095,0.000892208
111,101,4893,11564.55078,1,42.06246202,Balochistan,PK2, , , ,Pakistan,PK,2022-09-02 0:00:00,2022-09-09 0:00:00,,0.2,0.001458342
112,102,4908,10617.09961,5,28.04656823,Punjab,PK6, , , ,Pakistan,PK,2022-09-02 0:00:00,2022-09-09 0:00:00,,0.333334,0.002013886
113,103,4930,50137.64844,1,42.06246202,Balochistan,PK2, , , ,Pakistan,PK,2022-09-02 0:00:00,2022-09-09 0:00:00,,0.516668,0.007013903
114,104,4940,110855.75,5,28.04656823,Punjab,PK6, , , ,Pakistan,PK,2022-09-02 0:00:00,2022-09-09 0:00:00,,0.800002,0.009305553
115,105,4941,61437.58984,1,42.06246202,Balochistan,PK2, , , ,Pakistan,PK,2022-09-02 0:00:00,2022-09-09 0:00:00,,0.566664,0.0070833
116,106,4966,7690.280273,5,28.04656823,Punjab,PK6, , , ,Pakistan,PK,2022-09-02 0:00:00,2022-09-09 0:00:00,,0.233334,0.001388894
117,107,4991,54329.45703,1,42.06246202,Balochistan,PK2, , , ,Pakistan,PK,2022-09-02 0:00:00,2022-09-09 0:00:00,,0.500002,0.004930553
118,108,5001,87149.9375,5,28.04656823,Punjab,PK6, , , ,Pakistan,PK,2022-09-02 0:00:00,2022-09-09 0:00:00,,0.85,0.009444439
119,109,5008,45295.23828,5,28.04656823,Punjab,PK6, , , ,Pakistan,PK,2022-09-02 0:00:00,2022-09-09 0:00:00,,0.63333,0.005972228
120,110,5049,9094.771484,5,28.04656823,Punjab,PK6, , , ,Pakistan,PK,2022-09-02 0:00:00,2022-09-09 0:00:00,,0.183332,0.001388886
121,111,5083,32076.25,5,28.04656823,Punjab,PK6, , , ,Pakistan,PK,2022-09-02 0:00:00,2022-09-09 0:00:00,,0.233334,0.002152781
122,112,5185,11229.32617,1,42.06246202,Balochistan,PK2, , , ,Pakistan,PK,2022-09-02 0:00:00,2022-09-09 0:00:00,,0.249998,0.001388861
123,113,5207,828618.8125,1,42.06246202,Balochistan,PK2, , , ,Pakistan,PK,2022-09-02 0:00:00,2022-09-09 0:00:00,,1.416666,0.0327083
124,114,5222,10579.78125,5,28.04656823,Punjab,PK6, , , ,Pakistan,PK,2022-09-02 0:00:00,2022-09-09 0:00:00,,0.283334,0.00166665
125,115,5244,7694.184082,5,28.04656823,Punjab,PK6, , , ,Pakistan,PK,2022-09-02 0:00:00,2022-09-09 0:00:00,,0.216668,0.001388903
126,116,5291,10983.9834,1,42.06246202,Balochistan,PK2, , , ,Pakistan,PK,2022-09-02 0:00:00,2022-09-09 0:00:00,,0.216666,0.001597228
127,117,5296,5306.237793,5,28.04656823,Punjab,PK6, , , ,Pakistan,PK,2022-09-02 0:00:00,2022-09-09 0:00:00,,0.233332,0.001041667
128,118,5300,10744.88477,5,28.04656823,Punjab,PK6, , , ,Pakistan,PK,2022-09-02 0:00:00,2022-09-09 0:00:00,,0.233332,0.001388869
129,119,5302,8509.798828,5,28.04656823,Punjab,PK6, , , ,Pakistan,PK,2022-09-02 0:00:00,2022-09-09 0:00:00,,0.216668,0.001249992
130,120,5360,10497.12793,5,28.04656823,Punjab,PK6, , , ,Pakistan,PK,2022-09-02 0:00:00,2022-09-09 0:00:00,,0.216668,0.001666667
131,121,5363,26049.01172,1,42.06246202,Balochistan,PK2, , , ,Pakistan,PK,2022-09-02 0:00:00,2022-09-09 0:00:00,,0.233332,0.002222203
132,122,5364,5342.163086,5,28.04656823,Punjab,PK6, , , ,Pakistan,PK,2022-09-02 0:00:00,2022-09-09 0:00:00,,0.166666,0.000972219
133,123,5372,6165.456055,5,28.04656823,Punjab,PK6, , , ,Pakistan,PK,2022-09-02 0:00:00,2022-09-09 0:00:00,,0.2,0.001319447
134,124,5378,16414.12109,1,42.06246202,Balochistan,PK2, , , ,Pakistan,PK,2022-09-02 0:00:00,2022-09-09 0:00:00,,0.249998,0.001805553
135,125,5380,20061.43164,5,28.04656823,Punjab,PK6, , , ,Pakistan,PK,2022-09-02 0:00:00,2022-09-09 0:00:00,,0.366666,0.003125017
136,126,5385,5392.109375,5,28.04656823,Punjab,PK6, , , ,Pakistan,PK,2022-09-02 0:00:00,2022-09-09 0:00:00,,0.183332,0.001041667
137,127,5391,2041102.25,5,28.04656823,Punjab,PK6, , , ,Pakistan,PK,2022-09-02 0:00:00,2022-09-09 0:00:00,,4.866676,0.177013903
138,128,5402,17913.30078,5,28.04656823,Punjab,PK6, , , ,Pakistan,PK,2022-09-02 0:00:00,2022-09-09 0:00:00,,0.350002,0.002916683
139,129,5411,42911.77344,5,28.04656823,Punjab,PK6, , , ,Pakistan,PK,2022-09-02 0:00:00,2022-09-09 0:00:00,,0.316666,0.003472203
140,130,5418,16020.10917,5,28.04656823,Punjab,PK6, , , ,Pakistan,PK,2022-09-02 0:00:00,2022-09-09 0:00:00,,0.53369104,0.003156588
141,131,5422,14519.91992,5,28.04656823,Punjab,PK6, , , ,Pakistan,PK,2022-09-02 0:00:00,2022-09-09 0:00:00,,0.35,0.002500008
142,132,5424,18255.67969,5,28.04656823,Punjab,PK6, , , ,Pakistan,PK,2022-09-02 0:00:00,2022-09-09 0:00:00,,0.366666,0.002916633
143,133,5425,90694.07031,5,28.04656823,Punjab,PK6, , , ,Pakistan,PK,2022-09-02 0:00:00,2022-09-09 0:00:00,,0.983332,0.012638861
144,134,5427,29937.32031,5,28.04656823,Punjab,PK6, , , ,Pakistan,PK,2022-09-02 0:00:00,2022-09-09 0:00:00,,0.699996,0.004791667
145,135,5432,7802.794922,1,42.06246202,Balochistan,PK2, , , ,Pakistan,PK,2022-09-02 0:00:00,2022-09-09 0:00:00,,0.233332,0.001388894
146,136,5434,178878.125,5,28.04656823,Punjab,PK6, , , ,Pakistan,PK,2022-09-02 0:00:00,2022-09-09 0:00:00,,1.216662,0.018819489
147,137,5445,5545.088867,5,28.04656823,Punjab,PK6, , , ,Pakistan,PK,2022-09-02 0:00:00,2022-09-09 0:00:00,,0.133332,0.000902772
148,138,5464,15547.56055,5,28.04656823,Punjab,PK6, , , ,Pakistan,PK,2022-09-02 0:00:00,2022-09-09 0:00:00,,0.283334,0.001805544
149,139,5484,10007.32617,1,42.06246202,Balochistan,PK2, , , ,Pakistan,PK,2022-09-02 0:00:00,2022-09-09 0:00:00,,0.200002,0.001319472
150,140,5486,13822.1875,1,42.06246202,Balochistan,PK2, , , ,Pakistan,PK,2022-09-02 0:00:00,2022-09-09 0:00:00,,0.2,0.001875
151,141,5490,8729.34375,6,30.29688721,Sindh,PK7, , , ,Pakistan,PK,2022-09-02 0:00:00,2022-09-09 0:00:00,,0.25,0.001597228
152,142,5491,33911.40256,5,28.04656823,Punjab,PK6, , , ,Pakistan,PK,2022-09-02 0:00:00,2022-09-09 0:00:00,,0.434420096,0.002191116
153,142,5491,138052.8006,6,30.29688721,Sindh,PK7, , , ,Pakistan,PK,2022-09-02 0:00:00,2022-09-09 0:00:00,,0.71285622,0.008919998
154,143,5495,9792.393555,6,30.29688721,Sindh,PK7, , , ,Pakistan,PK,2022-09-02 0:00:00,2022-09-09 0:00:00,,0.316664,0.001805544
155,144,5497,14905.9707,6,30.29688721,Sindh,PK7, , , ,Pakistan,PK,2022-09-02 0:00:00,2022-09-09 0:00:00,,0.366668,0.002499983
156,145,5505,16471.58398,6,30.29688721,Sindh,PK7, , , ,Pakistan,PK,2022-09-02 0:00:00,2022-09-09 0:00:00,,0.283332,0.002500033
157,146,5523,60062.84375,1,42.06246202,Balochistan,PK2, , , ,Pakistan,PK,2022-09-02 0:00:00,2022-09-09 0:00:00,,0.383334,0.004305544
158,147,5529,16700.41016,6,30.29688721,Sindh,PK7, , , ,Pakistan,PK,2022-09-02 0:00:00,2022-09-09 0:00:00,,0.449998,0.003194422
159,148,5541,615.1061255,1,42.06246202,Balochistan,PK2, , , ,Pakistan,PK,2022-09-02 0:00:00,2022-09-09 0:00:00,,0.068694362,7.72106E-05
160,148,5541,41984.23762,6,30.29688721,Sindh,PK7, , , ,Pakistan,PK,2022-09-02 0:00:00,2022-09-09 0:00:00,,0.439768048,0.005270034
161,149,5554,15609.90723,6,30.29688721,Sindh,PK7, , , ,Pakistan,PK,2022-09-02 0:00:00,2022-09-09 0:00:00,,0.4,0.002777781
162,150,5558,169728.0625,6,30.29688721,Sindh,PK7, , , ,Pakistan,PK,2022-09-02 0:00:00,2022-09-09 0:00:00,,0.666664,0.011111114
163,151,5559,26701.35547,1,42.06246202,Balochistan,PK2, , , ,Pakistan,PK,2022-09-02 0:00:00,2022-09-09 0:00:00,,0.316664,0.003055536
164,152,5568,358070.2421,0,9.397279039,Azad Kashmir,PK1, , , ,Pakistan,PK,2022-09-02 0:00:00,2022-09-09 0:00:00,,3.07109695,0.027874164
165,152,5568,3904.567271,4,27.33281833,Khyber Pakhtunkhwa,PK5, , , ,Pakistan,PK,2022-09-02 0:00:00,2022-09-09 0:00:00,,0.115319702,0.000303953
166,152,5568,97004800.66,5,28.04656823,Punjab,PK6, , , ,Pakistan,PK,2022-09-02 0:00:00,2022-09-09 0:00:00,,209.7755923,7.551389005
167,152,5568,1722351.82,6,30.29688721,Sindh,PK7, , , ,Pakistan,PK,2022-09-02 0:00:00,2022-09-09 0:00:00,,6.659937474,0.13407737
168,153,5594,6867.353516,6,30.29688721,Sindh,PK7, , , ,Pakistan,PK,2022-09-02 0:00:00,2022-09-09 0:00:00,,0.199998,0.001180553
169,154,5671,62415.56641,1,42.06246202,Balochistan,PK2, , , ,Pakistan,PK,2022-09-02 0:00:00,2022-09-09 0:00:00,,0.616666,0.007847219
170,155,5711,7510.305664,6,30.29688721,Sindh,PK7, , , ,Pakistan,PK,2022-09-02 0:00:00,2022-09-09 0:00:00,,0.166668,0.001111122
171,156,5719,21365.17188,1,42.06246202,Balochistan,PK2, , , ,Pakistan,PK,2022-09-02 0:00:00,2022-09-09 0:00:00,,0.300002,0.002777806
172,157,5725,10437.43066,6,30.29688721,Sindh,PK7, , , ,Pakistan,PK,2022-09-02 0:00:00,2022-09-09 0:00:00,,0.233334,0.001458342
173,158,5730,8724.395508,6,30.29688721,Sindh,PK7, , , ,Pakistan,PK,2022-09-02 0:00:00,2022-09-09 0:00:00,,0.250002,0.001597244
174,159,5731,11015.58398,1,42.06246202,Balochistan,PK2, , , ,Pakistan,PK,2022-09-02 0:00:00,2022-09-09 0:00:00,,0.200002,0.001458333
175,160,5740,5364.503418,6,30.29688721,Sindh,PK7, , , ,Pakistan,PK,2022-09-02 0:00:00,2022-09-09 0:00:00,,0.15,0.000833325
176,161,5756,9608.370117,1,42.06246202,Balochistan,PK2, , , ,Pakistan,PK,2022-09-02 0:00:00,2022-09-09 0:00:00,,0.299998,0.001666692
177,162,5763,11654.05469,6,30.29688721,Sindh,PK7, , , ,Pakistan,PK,2022-09-02 0:00:00,2022-09-09 0:00:00,,0.25,0.001805594
178,163,5764,60865.3125,1,42.06246202,Balochistan,PK2, , , ,Pakistan,PK,2022-09-02 0:00:00,2022-09-09 0:00:00,,0.466666,0.005972194
179,164,5766,5304.86084,6,30.29688721,Sindh,PK7, , , ,Pakistan,PK,2022-09-02 0:00:00,2022-09-09 0:00:00,,0.183334,0.000972211
180,165,5768,10106.81836,6,30.29688721,Sindh,PK7, , , ,Pakistan,PK,2022-09-02 0:00:00,2022-09-09 0:00:00,,0.216668,0.001388894
181,166,5780,5562.535156,6,30.29688721,Sindh,PK7, , , ,Pakistan,PK,2022-09-02 0:00:00,2022-09-09 0:00:00,,0.149998,0.000902772
182,167,5785,9800.751953,1,42.06246202,Balochistan,PK2, , , ,Pakistan,PK,2022-09-02 0:00:00,2022-09-09 0:00:00,,0.199998,0.001111106
183,168,5786,86825.49219,6,30.29688721,Sindh,PK7, , , ,Pakistan,PK,2022-09-02 0:00:00,2022-09-09 0:00:00,,0.849998,0.01041665
184,169,5793,16253.79199,6,30.29688721,Sindh,PK7, , , ,Pakistan,PK,2022-09-02 0:00:00,2022-09-09 0:00:00,,0.366666,0.002500033
185,170,5797,9572.481445,6,30.29688721,Sindh,PK7, , , ,Pakistan,PK,2022-09-02 0:00:00,2022-09-09 0:00:00,,0.150002,0.001319481
186,171,5805,5701.529297,6,30.29688721,Sindh,PK7, , , ,Pakistan,PK,2022-09-02 0:00:00,2022-09-09 0:00:00,,0.199998,0.001111106
187,172,5812,180978.7969,6,30.29688721,Sindh,PK7, , , ,Pakistan,PK,2022-09-02 0:00:00,2022-09-09 0:00:00,,1.516666,0.017083383
188,173,5834,34778.13281,6,30.29688721,Sindh,PK7, , , ,Pakistan,PK,2022-09-02 0:00:00,2022-09-09 0:00:00,,0.383332,0.003333342
189,174,5841,5592.395996,6,30.29688721,Sindh,PK7, , , ,Pakistan,PK,2022-09-02 0:00:00,2022-09-09 0:00:00,,0.1,0.000625
190,175,5848,11473.13477,6,30.29688721,Sindh,PK7, , , ,Pakistan,PK,2022-09-02 0:00:00,2022-09-09 0:00:00,,0.166668,0.001249992
191,176,5851,127886.9063,6,30.29688721,Sindh,PK7, , , ,Pakistan,PK,2022-09-02 0:00:00,2022-09-09 0:00:00,,1.4,0.017708392
192,177,5857,9785.001953,6,30.29688721,Sindh,PK7, , , ,Pakistan,PK,2022-09-02 0:00:00,2022-09-09 0:00:00,,0.283336,0.001875008
193,178,5863,5217.429688,6,30.29688721,Sindh,PK7, , , ,Pakistan,PK,2022-09-02 0:00:00,2022-09-09 0:00:00,,0.166668,0.000902772
194,179,5864,78271.75574,1,42.06246202,Balochistan,PK2, , , ,Pakistan,PK,2022-09-02 0:00:00,2022-09-09 0:00:00,,0.662784838,0.007168489
195,179,5864,17919654.24,6,30.29688721,Sindh,PK7, , , ,Pakistan,PK,2022-09-02 0:00:00,2022-09-09 0:00:00,,80.93960796,1.641164719
196,180,5870,5157.106934,6,30.29688721,Sindh,PK7, , , ,Pakistan,PK,2022-09-02 0:00:00,2022-09-09 0:00:00,,0.166664,0.00104165
197,181,5871,6198.279785,6,30.29688721,Sindh,PK7, , , ,Pakistan,PK,2022-09-02 0:00:00,2022-09-09 0:00:00,,0.15,0.001111114
198,182,5874,90690.24219,6,30.29688721,Sindh,PK7, , , ,Pakistan,PK,2022-09-02 0:00:00,2022-09-09 0:00:00,,1.383328,0.015902756
199,183,5875,30651.57227,6,30.29688721,Sindh,PK7, , , ,Pakistan,PK,2022-09-02 0:00:00,2022-09-09 0:00:00,,0.549996,0.004861131
200,184,5881,381759.1399,1,42.06246202,Balochistan,PK2, , , ,Pakistan,PK,2022-09-02 0:00:00,2022-09-09 0:00:00,,0.608406704,0.00384843
201,184,5881,15660718.67,6,30.29688721,Sindh,PK7, , , ,Pakistan,PK,2022-09-02 0:00:00,2022-09-09 0:00:00,,4.754461952,0.157872275
202,185,5882,46384.16406,6,30.29688721,Sindh,PK7, , , ,Pakistan,PK,2022-09-02 0:00:00,2022-09-09 0:00:00,,0.716668,0.006805569
203,186,5883,6002.047852,6,30.29688721,Sindh,PK7, , , ,Pakistan,PK,2022-09-02 0:00:00,2022-09-09 0:00:00,,0.183334,0.00104165
204,187,5884,23280.15625,6,30.29688721,Sindh,PK7, , , ,Pakistan,PK,2022-09-02 0:00:00,2022-09-09 0:00:00,,0.383336,0.003194439
205,188,5885,102330.8672,6,30.29688721,Sindh,PK7, , , ,Pakistan,PK,2022-09-02 0:00:00,2022-09-09 0:00:00,,0.616662,0.006944422
206,189,5886,67830.42969,6,30.29688721,Sindh,PK7, , , ,Pakistan,PK,2022-09-02 0:00:00,2022-09-09 0:00:00,,0.699998,0.006319506
207,190,5887,5695.370117,6,30.29688721,Sindh,PK7, , , ,Pakistan,PK,2022-09-02 0:00:00,2022-09-09 0:00:00,,0.116668,0.000555569
208,191,5888,39989.34375,6,30.29688721,Sindh,PK7, , , ,Pakistan,PK,2022-09-02 0:00:00,2022-09-09 0:00:00,,0.683334,0.005694489
209,192,5889,5064.553711,6,30.29688721,Sindh,PK7, , , ,Pakistan,PK,2022-09-02 0:00:00,2022-09-09 0:00:00,,0.133334,0.000625008
210,193,5890,33079.86719,6,30.29688721,Sindh,PK7, , , ,Pakistan,PK,2022-09-02 0:00:00,2022-09-09 0:00:00,,0.316668,0.003541675
211,194,5891,26671.15234,6,30.29688721,Sindh,PK7, , , ,Pakistan,PK,2022-09-02 0:00:00,2022-09-09 0:00:00,,0.499998,0.004166658
212,195,5892,8811.53125,6,30.29688721,Sindh,PK7, , , ,Pakistan,PK,2022-09-02 0:00:00,2022-09-09 0:00:00,,0.3,0.001458325
213,196,5894,58480.93359,6,30.29688721,Sindh,PK7, , , ,Pakistan,PK,2022-09-02 0:00:00,2022-09-09 0:00:00,,0.5,0.005555553
214,197,5895,12818.15625,6,30.29688721,Sindh,PK7, , , ,Pakistan,PK,2022-09-02 0:00:00,2022-09-09 0:00:00,,0.21667,0.001250025
215,198,5896,70151.29687,6,30.29688721,Sindh,PK7, , , ,Pakistan,PK,2022-09-02 0:00:00,2022-09-09 0:00:00,,0.850002,0.00937505
216,199,5897,136989.9844,6,30.29688721,Sindh,PK7, , , ,Pakistan,PK,2022-09-02 0:00:00,2022-09-09 0:00:00,,1.966662,0.021041717
217,200,5898,15545.48242,6,30.29688721,Sindh,PK7, , , ,Pakistan,PK,2022-09-02 0:00:00,2022-09-09 0:00:00,,0.316666,0.0025
218,201,5899,5516.55127,6,30.29688721,Sindh,PK7, , , ,Pakistan,PK,2022-09-02 0:00:00,2022-09-09 0:00:00,,0.116668,0.000624992
